library,strain,clone,genename,comment,row96,col96,plt96,biorep96
P1+T5 library,385,1,T5_001,NA,A,1,5,2
P1+T5 library,386,1,T5_002,NA,B,1,5,2
P1+T5 library,387,1,T5_003,NA,C,1,5,2
P1+T5 library,388,1,T5_005,NA,D,1,5,2
P1+T5 library,389,12,gfp,NA,E,1,5,2
P1+T5 library,390,1,T5_006,Correct,F,1,5,2
P1+T5 library,391,1,T5_007,NA,G,1,5,2
P1+T5 library,392,1,T5_009,NA,H,1,5,2
P1+T5 library,393,1,T5_010,GCT (496-498) --> *CT + GGA (505-507) --> GG,A,2,5,2
P1+T5 library,394,1,T5_011,Deletion primer,B,2,5,2
P1+T5 library,395,1,T5_012,NA,C,2,5,2
P1+T5 library,396,1,T5_013,NA,D,2,5,2
P1+T5 library,397,1,T5_014,NA,E,2,5,2
P1+T5 library,398,1,T5_016,NA,F,2,5,2
P1+T5 library,399,1,T5_017,NA,G,2,5,2
P1+T5 library,400,1,T5_018,Correct,H,2,5,2
P1+T5 library,401,1,T5_019,NA,A,3,5,2
P1+T5 library,402,13,gfp,NA,B,3,5,2
P1+T5 library,403,1,T5_020,NA,C,3,5,2
P1+T5 library,404,1,T5_021,NA,D,3,5,2
P1+T5 library,405,1,T5_022,NA,E,3,5,2
P1+T5 library,406,1,T5_023,Correct,F,3,5,2
P1+T5 library,407,1,T5_024,NA,G,3,5,2
P1+T5 library,408,1,T5_026,NA,H,3,5,2
P1+T5 library,409,1,T5_028,NA,A,4,5,2
P1+T5 library,410,1,T5_029,Correct,B,4,5,2
P1+T5 library,411,1,T5_030,NA,C,4,5,2
P1+T5 library,412,1,T5_031,NA,D,4,5,2
P1+T5 library,413,1,T5_033,NA,E,4,5,2
P1+T5 library,414,1,T5_034,NA,F,4,5,2
P1+T5 library,415,1,T5_035,Correct,G,4,5,2
P1+T5 library,416,1,T5_036,NA,H,4,5,2
P1+T5 library,417,1,T5_037,NA,A,5,5,2
P1+T5 library,418,1,T5_038,NA,B,5,5,2
P1+T5 library,419,1,T5_039,NA,C,5,5,2
P1+T5 library,420,1,T5_040,NA,D,5,5,2
P1+T5 library,421,1,T5_043,Correct,E,5,5,2
P1+T5 library,422,1,T5_044,NA,F,5,5,2
P1+T5 library,423,1,T5_045,Correct,G,5,5,2
P1+T5 library,424,1,T5_047,NA,H,5,5,2
P1+T5 library,425,1,T5_048,NA,A,6,5,2
P1+T5 library,426,1,T5_049,NA,B,6,5,2
P1+T5 library,427,14,gfp,NA,C,6,5,2
P1+T5 library,428,1,T5_050,NA,D,6,5,2
P1+T5 library,429,1,T5_054,NA,E,6,5,2
P1+T5 library,430,1,T5_056,NA,F,6,5,2
P1+T5 library,431,1,T5_057,NA,G,6,5,2
P1+T5 library,432,1,T5_058,NA,H,6,5,2
P1+T5 library,433,1,T5_060,NA,A,7,5,2
P1+T5 library,434,1,T5_062,NA,B,7,5,2
P1+T5 library,435,1,T5_063,NA,C,7,5,2
P1+T5 library,436,1,T5_065,NA,D,7,5,2
P1+T5 library,437,1,T5_066,NA,E,7,5,2
P1+T5 library,438,15,gfp,NA,F,7,5,2
P1+T5 library,439,1,T5_067,NA,G,7,5,2
P1+T5 library,440,1,T5_068,NA,H,7,5,2
P1+T5 library,441,1,T5_070,NA,A,8,5,2
P1+T5 library,442,1,T5_071,NA,B,8,5,2
P1+T5 library,443,1,T5_072,NA,C,8,5,2
P1+T5 library,444,1,T5_073,NA,D,8,5,2
P1+T5 library,445,1,T5_074,NA,E,8,5,2
P1+T5 library,446,1,T5_076,NA,F,8,5,2
P1+T5 library,447,1,T5_079,NA,G,8,5,2
P1+T5 library,448,1,T5_080,AAC (772-774) --> AAG | N258K,H,8,5,2
P1+T5 library,449,16,gfp,NA,A,9,5,2
P1+T5 library,450,1,T5_082,NA,B,9,5,2
P1+T5 library,451,1,T5_086,NA,C,9,5,2
P1+T5 library,452,1,T5_087,NA,D,9,5,2
P1+T5 library,453,1,T5_088,NA,E,9,5,2
P1+T5 library,454,1,T5_089,NA,F,9,5,2
P1+T5 library,455,1,T5_090,NA,G,9,5,2
P1+T5 library,456,1,T5_092,Correct,H,9,5,2
P1+T5 library,457,1,T5_093,NA,A,10,5,2
P1+T5 library,458,1,T5_096,"Noise in reads, ORF seems correct overall, long ORF",B,10,5,2
P1+T5 library,459,1,T5_100,Correct,C,10,5,2
P1+T5 library,460,1,T5_101,NA,D,10,5,2
P1+T5 library,461,1,T5_102,NA,E,10,5,2
P1+T5 library,462,1,T5_103,NA,F,10,5,2
P1+T5 library,463,1,T5_104,NA,G,10,5,2
P1+T5 library,464,1,T5_106,NA,H,10,5,2
P1+T5 library,465,1,T5_109,NA,A,11,5,2
P1+T5 library,466,1,T5_110,NA,B,11,5,2
P1+T5 library,467,17,gfp,NA,C,11,5,2
P1+T5 library,468,1,T5_111,NA,D,11,5,2
P1+T5 library,469,1,T5_112,NA,E,11,5,2
P1+T5 library,470,1,T5_116,NA,F,11,5,2
P1+T5 library,471,1,T5_117,NA,G,11,5,2
P1+T5 library,472,1,T5_119,NA,H,11,5,2
P1+T5 library,473,1,T5_121,NA,A,12,5,2
P1+T5 library,474,1,T5_123,NA,B,12,5,2
P1+T5 library,475,1,T5_125,NA,C,12,5,2
P1+T5 library,476,1,T5_136,TTC(130-132) --> T**,D,12,5,2
P1+T5 library,477,1,T5_137,NA,E,12,5,2
P1+T5 library,478,1,T5_140,Correct,F,12,5,2
P1+T5 library,479,1,T5_142,NA,G,12,5,2
P1+T5 library,480,18,gfp,NA,H,12,5,2
