library,strain,clone,genename,comment,row96,col96,plt96
P1+T5 library,385,1,T5_001,,A,1,5
P1+T5 library,386,1,T5_002,,B,1,5
P1+T5 library,387,1,T5_003,,C,1,5
P1+T5 library,388,1,T5_005,,D,1,5
P1+T5 library,389,12,gfp,,E,1,5
P1+T5 library,390,1,T5_006,Correct,F,1,5
P1+T5 library,391,1,T5_007,,G,1,5
P1+T5 library,392,1,T5_009,,H,1,5
P1+T5 library,393,1,T5_010,GCT (496-498) --> *CT + GGA (505-507) --> GG,A,2,5
P1+T5 library,394,1,T5_011,Deletion primer ,B,2,5
P1+T5 library,395,1,T5_012,,C,2,5
P1+T5 library,396,1,T5_013,,D,2,5
P1+T5 library,397,1,T5_014,,E,2,5
P1+T5 library,398,1,T5_016,,F,2,5
P1+T5 library,399,1,T5_017,,G,2,5
P1+T5 library,400,1,T5_018,Correct,H,2,5
P1+T5 library,401,1,T5_019,,A,3,5
P1+T5 library,402,13,gfp,,B,3,5
P1+T5 library,403,1,T5_020,,C,3,5
P1+T5 library,404,1,T5_021,,D,3,5
P1+T5 library,405,1,T5_022,,E,3,5
P1+T5 library,406,1,T5_023,Correct,F,3,5
P1+T5 library,407,1,T5_024,,G,3,5
P1+T5 library,408,1,T5_026,,H,3,5
P1+T5 library,409,1,T5_028,,A,4,5
P1+T5 library,410,1,T5_029,Correct,B,4,5
P1+T5 library,411,1,T5_030,,C,4,5
P1+T5 library,412,1,T5_031,,D,4,5
P1+T5 library,413,1,T5_033,,E,4,5
P1+T5 library,414,1,T5_034,,F,4,5
P1+T5 library,415,1,T5_035,Correct,G,4,5
P1+T5 library,416,1,T5_036,,H,4,5
P1+T5 library,417,1,T5_037,,A,5,5
P1+T5 library,418,1,T5_038,,B,5,5
P1+T5 library,419,1,T5_039,,C,5,5
P1+T5 library,420,1,T5_040,,D,5,5
P1+T5 library,421,1,T5_043,Correct,E,5,5
P1+T5 library,422,1,T5_044,,F,5,5
P1+T5 library,423,1,T5_045,Correct,G,5,5
P1+T5 library,424,1,T5_047,,H,5,5
P1+T5 library,425,1,T5_048,,A,6,5
P1+T5 library,426,1,T5_049,,B,6,5
P1+T5 library,427,14,gfp,,C,6,5
P1+T5 library,428,1,T5_050,,D,6,5
P1+T5 library,429,1,T5_054,,E,6,5
P1+T5 library,430,1,T5_056,,F,6,5
P1+T5 library,431,1,T5_057,,G,6,5
P1+T5 library,432,1,T5_058,,H,6,5
P1+T5 library,433,1,T5_060,,A,7,5
P1+T5 library,434,1,T5_062,,B,7,5
P1+T5 library,435,1,T5_063,,C,7,5
P1+T5 library,436,1,T5_065,,D,7,5
P1+T5 library,437,1,T5_066,,E,7,5
P1+T5 library,438,15,gfp,,F,7,5
P1+T5 library,439,1,T5_067,,G,7,5
P1+T5 library,440,1,T5_068,,H,7,5
P1+T5 library,441,1,T5_070,,A,8,5
P1+T5 library,442,1,T5_071,,B,8,5
P1+T5 library,443,1,T5_072,,C,8,5
P1+T5 library,444,1,T5_073,,D,8,5
P1+T5 library,445,1,T5_074,,E,8,5
P1+T5 library,446,1,T5_076,,F,8,5
P1+T5 library,447,1,T5_079,,G,8,5
P1+T5 library,448,1,T5_080,AAC (772-774) --> AAG | N258K ,H,8,5
P1+T5 library,449,16,gfp,,A,9,5
P1+T5 library,450,1,T5_082,,B,9,5
P1+T5 library,451,1,T5_086,,C,9,5
P1+T5 library,452,1,T5_087,,D,9,5
P1+T5 library,453,1,T5_088,,E,9,5
P1+T5 library,454,1,T5_089,,F,9,5
P1+T5 library,455,1,T5_090,,G,9,5
P1+T5 library,456,1,T5_092,Correct,H,9,5
P1+T5 library,457,1,T5_093,,A,10,5
P1+T5 library,458,1,T5_096,"Noise in reads, ORF seems correct overall, long ORF",B,10,5
P1+T5 library,459,1,T5_100,Correct,C,10,5
P1+T5 library,460,1,T5_101,,D,10,5
P1+T5 library,461,1,T5_102,,E,10,5
P1+T5 library,462,1,T5_103,,F,10,5
P1+T5 library,463,1,T5_104,,G,10,5
P1+T5 library,464,1,T5_106,,H,10,5
P1+T5 library,465,1,T5_109,,A,11,5
P1+T5 library,466,1,T5_110,,B,11,5
P1+T5 library,467,17,gfp,,C,11,5
P1+T5 library,468,1,T5_111,,D,11,5
P1+T5 library,469,1,T5_112,,E,11,5
P1+T5 library,470,1,T5_116,,F,11,5
P1+T5 library,471,1,T5_117,,G,11,5
P1+T5 library,472,1,T5_119,,H,11,5
P1+T5 library,473,1,T5_121,,A,12,5
P1+T5 library,474,1,T5_123,,B,12,5
P1+T5 library,475,1,T5_125,,C,12,5
P1+T5 library,476,1,T5_136,TTC(130-132) --> T**,D,12,5
P1+T5 library,477,1,T5_137,,E,12,5
P1+T5 library,478,1,T5_140,Correct,F,12,5
P1+T5 library,479,1,T5_142,,G,12,5
P1+T5 library,480,18,gfp,,H,12,5